x(),y()
86.445,10.819
45.856,8.9840
11.150,6.9048
-0.6144828464673822,3.4190
2.3267,-0.6170652409099571
13.503,-4.897780675314248
24.091,-7.955434557031599
48.209,-10.218098429502438
83.503,-11.746925370361115
142.92,-11.808078447995463
196.45,-10.279251507136784
233.50,-9.484261497890273
261.74,-8.016587634665946
289.97,-5.9985360727324935
310.56,-3.552412967358615
328.21,-0.9228306290816928
333.50,1.6456
327.03,4.6421
314.09,6.2932
296.45,9.1674
280.56,11.124
264.68,13.081
238.80,14.243
215.27,14.794
182.92,14.549
166.44,13.632
132.92,12.470
109.39,11.614
86.445,10.819
